Description,Scientific Name,Max Score,Total Score,Query Cover,E value,Per. ident,Acc. Len,Accession  
"Desulfonatronum lacustre DSM 10312 scaffold1, whole genome shotgun sequence",Desulfonatronum lacustre DSM 10312,174,296,83%,4.00E-47,35.94,3761451,NZ_KI912608.1
"Desulfonatronum thiodismutans strain MLF-1 contig20, whole genome shotgun sequence",Desulfonatronum thiodismutans,174,174,81%,4.00E-47,37.05,226087,NZ_JPIK01000020.1
"Desulfonatronum thioautotrophicum strain ASO4-1 LZ09DRAFT_scaffold00017.17_C, whole genome shotgun sequence",Desulfonatronum thioautotrophicum,171,171,81%,5.00E-46,37.05,47966,NZ_JYNO01000021.1
"Desulfonatronum thiosulfatophilum strain ASO4-2, whole genome shotgun sequence",Desulfonatronum thiosulfatophilum,169,169,81%,2.00E-45,36.51,147330,NZ_FMXO01000011.1
"Desulfovibrio gigas DSM 1382 = ATCC 19364, partial sequence",Desulfovibrio gigas DSM 1382 = ATCC 19364,165,596,82%,6.00E-44,37.2,3693999,NC_022444.1
"Cupidesulfovibrio oxamicus strain NCIMB 9442 NODE_88, whole genome shotgun sequence",Cupidesulfovibrio oxamicus,163,163,81%,2.00E-43,36.4,10839,NZ_VRYY01000805.1
"Desulfovibrio inopinatus DSM 10711 G451DRAFT_scaffold00011.11, whole genome shotgun sequence",Desulfovibrio inopinatus DSM 10711,162,162,81%,3.00E-43,37.3,203947,NZ_KE386880.1
"Desulfovibrio termitidis HI1 DesteDRAFT_DTF.1, whole genome shotgun sequence",Desulfovibrio termitidis HI1,162,282,81%,4.00E-43,36.4,4257954,NZ_KI632512.1
"Desulfovibrio putealis DSM 16056 G453DRAFT_scaffold00003.3_C, whole genome shotgun sequence",Desulfovibrio putealis DSM 16056,162,162,81%,7.00E-43,37.6,522511,NZ_AUBQ01000004.1
"Lawsonia intracellularis N343, complete sequence",Lawsonia intracellularis N343,160,281,81%,2.00E-42,36.96,1457568,NC_020127.1
"Desulfovibrio alkalitolerans DSM 16529 ctg5, whole genome shotgun sequence",Desulfovibrio alkalitolerans DSM 16529,159,159,81%,4.00E-42,37.6,184516,NZ_ATHI01000028.1
"Desulfovibrio legallii strain H1T scaffold_0, whole genome shotgun sequence",Desulfovibrio legallii,159,159,81%,5.00E-42,37.6,288911,NZ_SIXC01000001.1
"Desulfovibrio carbinoliphilus subsp. oakridgensis strain FW-101-2B chromosome, whole genome shotgun sequence",Desulfovibrio carbinoliphilus subsp. oakridgensis,159,482,81%,6.00E-42,37.2,4102695,NZ_CM001368.1
"Desulfovibrio litoralis DSM 11393, whole genome shotgun sequence",Desulfovibrio litoralis DSM 11393,159,159,81%,6.00E-42,36,546153,NZ_FRDI01000002.1
"Desulfovibrio vulgaris RCH1, complete sequence",Desulfovibrio vulgaris RCH1,156,291,81%,5.00E-41,35.2,3532052,NC_017310.1
"Desulfovibrio aerotolerans strain DSM 16695 NODE_1_length_379465_cov_30.771254, whole genome shotgun sequence",Desulfovibrio aerotolerans,156,234,81%,5.00E-41,36.61,379465,NZ_WVUD01000001.1
"Desulfovibrio desulfuricans DSM 642 G449DRAFT_scaffold00002.2_C, whole genome shotgun sequence",Desulfovibrio desulfuricans DSM 642,156,156,81%,6.00E-41,36.4,586626,NZ_ATUZ01000013.1
"Desulfovibrio sulfodismutans DSM 3696 chromosome, complete genome",Desulfovibrio sulfodismutans DSM 3696,155,348,81%,9.00E-41,36.03,4388462,NZ_CP045504.1
"Desulfovibrio fairfieldensis strain CCUG 45958 chromosome, complete genome",Desulfovibrio fairfieldensis,155,356,81%,1.00E-40,37.2,3699310,NZ_CP014229.1
"Desulfonatronovibrio magnus strain AHT22 LZ23DRAFT_scaffold00001.1, whole genome shotgun sequence",Desulfonatronovibrio magnus,152,152,81%,8.00E-40,34.4,797457,NZ_KN882175.1
"Desulfovibrio aminophilus DSM 12254 H587DRAFT_scaffold00008.8_C, whole genome shotgun sequence",Desulfovibrio aminophilus DSM 12254,150,150,81%,5.00E-39,34.8,242249,NZ_AUMA01000010.1
"Desulfovibrio hydrothermalis AM13 = DSM 14728, complete sequence",Desulfovibrio hydrothermalis AM13 = DSM 14728,150,286,83%,6.00E-39,34.12,3703034,NC_020055.1
"Desulfovibrio ferrophilus strain IS5 chromosome, complete genome",Desulfovibrio ferrophilus,150,263,81%,8.00E-39,35.18,3677055,NZ_AP017378.1
"Desulfohalovibrio reitneri strain L21-Syr-AB N911DRAFT_scf7180000000014_quiver.3_C, whole genome shotgun sequence",Desulfohalovibrio reitneri,149,404,83%,1.00E-38,36,2531670,NZ_JOMJ01000003.1
"Desulfovibrio mexicanus strain DSM 13116, whole genome shotgun sequence",Desulfovibrio mexicanus,149,149,81%,2.00E-38,37.2,652636,NZ_FZOC01000002.1
"Desulfovibrio cuneatus DSM 11391 G497DRAFT_scaffold00001.1, whole genome shotgun sequence",Desulfovibrio cuneatus DSM 11391,149,149,83%,2.00E-38,34.63,341039,NZ_KE387017.1
"Desulfovibrio frigidus DSM 17176 BR06DRAFT_scaffold00003.3_C, whole genome shotgun sequence",Desulfovibrio frigidus DSM 17176,149,149,81%,2.00E-38,34.8,447561,NZ_JONL01000003.1
"Desulfovibrio bizertensis DSM 18034, whole genome shotgun sequence",Desulfovibrio bizertensis DSM 18034,149,149,81%,2.00E-38,34.52,195413,NZ_FUYA01000007.1
"Desulfovibrio salexigens DSM 2638, complete sequence",Desulfovibrio salexigens DSM 2638,148,278,81%,3.00E-38,33.99,4289847,NC_012881.1
"Maridesulfovibrio ferrireducens strain DSM 16995, whole genome shotgun sequence",Maridesulfovibrio ferrireducens,148,148,81%,3.00E-38,34.4,489205,NZ_FNGA01000004.1
"Desulfobaculum xiamenense strain DSM 24233 Ga0373198_05, whole genome shotgun sequence",Desulfobaculum xiamenense,148,148,81%,3.00E-38,35.2,156752,NZ_JAATJA010000005.1
"Desulfonatronovibrio hydrogenovorans DSM 9292 P771DRAFT_scaffold00001.1_C, whole genome shotgun sequence",Desulfonatronovibrio hydrogenovorans DSM 9292,147,273,81%,5.00E-38,34.01,737157,NZ_JMKT01000008.1
"Desulfovibrio zosterae DSM 11974 H589DRAFT_scaffold00011.11_C, whole genome shotgun sequence",Desulfovibrio zosterae DSM 11974,147,147,83%,8.00E-38,31.91,72434,NZ_AUDC01000002.1
"Desulfolutivibrio sulfoxidireducens strain DSM 107105 chromosome, complete genome",Desulfolutivibrio sulfoxidireducens,146,321,81%,1.00E-37,34.96,4155851,NZ_CP045508.1
"Lujinxingia sediminis strain SEH01 Contig1_1, whole genome shotgun sequence",Lujinxingia sediminis,146,305,82%,1.00E-37,35.34,1484324,NZ_SADD01000001.1
"Desulfovibrio psychrotolerans strain JS1 sequence08, whole genome shotgun sequence",Desulfovibrio psychrotolerans,146,146,81%,1.00E-37,35.6,876440,NZ_BLVP01000008.1
"Desulfovibrio carbinolicus strain DSM 3852 chromosome, complete genome",Desulfovibrio carbinolicus,146,437,81%,2.00E-37,39.68,4524866,NZ_CP026538.1
"Desulfovibrio gilichinskyi strain K3S, whole genome shotgun sequence",Desulfovibrio gilichinskyi,145,145,83%,2.00E-37,32.94,122656,NZ_FWZU01000007.1
"Desulfovibrio magneticus RS-1, complete sequence",Desulfovibrio magneticus RS-1,145,410,81%,3.00E-37,39.29,5248049,NC_012796.1
"Dethiosulfatarculus sandiegensis strain SPR contig_6, whole genome shotgun sequence",Dethiosulfatarculus sandiegensis,145,145,81%,4.00E-37,35.8,353358,NZ_AZAC01000056.1
"Desulfoluna butyratoxydans isolate Desulfoluna butyratoxydans MSL71, whole genome shotgun sequence",Desulfoluna butyratoxydans,144,144,81%,6.00E-37,35.46,465183,NZ_CAADHO010000006.1
"Desulfuromonas acetexigens isolate DSM 1397, whole genome shotgun sequence",Desulfuromonas acetexigens,144,144,81%,8.00E-37,34.66,57301,NZ_FOJJ01000009.1
"Desulfoluna spongiiphila isolate Desulfoluna spongiiphila strain DBB, whole genome shotgun sequence",Desulfoluna spongiiphila,144,144,81%,1.00E-36,34.26,6682390,NZ_LR701292.1
"Geothermobacter ehrlichii strain SS015 Ga0244669_109, whole genome shotgun sequence",Geothermobacter ehrlichii,143,143,80%,1.00E-36,33.47,122321,NZ_VNIB01000009.1
"Desulfovibrio indonesiensis strain P37SLT P37SLT_1, whole genome shotgun sequence",Desulfovibrio indonesiensis,143,226,81%,2.00E-36,36.8,458847,NZ_QMIE01000001.1
"Desulfonatronospira thiodismutans ASO3-1 ctg20, whole genome shotgun sequence",Desulfonatronospira thiodismutans ASO3-1,142,268,83%,3.00E-36,33.2,1172362,NZ_ACJN02000002.1
"Lujinxingia litoralis strain B210 B210_contig1, whole genome shotgun sequence",Lujinxingia litoralis,142,300,82%,3.00E-36,34.14,1149548,NZ_QHKO01000001.1
"Desulfobulbus propionicus DSM 2032, complete sequence",Desulfobulbus propionicus DSM 2032,142,255,83%,4.00E-36,32.27,3851869,NC_014972.1
"Desulfamplus magnetovallimortis isolate PRJEB14757, whole genome shotgun sequence",Desulfamplus magnetovallimortis,141,221,81%,1.00E-35,35.06,665663,NZ_LT828541.1
"Malonomonas rubra DSM 5091, whole genome shotgun sequence",Malonomonas rubra DSM 5091,141,141,81%,1.00E-35,31.87,148427,NZ_FQZT01000009.1
"Desulfuromonas soudanensis strain WTL chromosome, complete genome",Desulfuromonas soudanensis,140,140,81%,1.00E-35,33.07,3958620,NZ_CP010802.1
"Desulfovibrio alaskensis G20, complete sequence",Desulfovibrio alaskensis G20,139,277,81%,3.00E-35,36,3730232,NC_007519.1
"Desulfocurvus vexinensis DSM 17965 G495DRAFT_scaffold00005.5_C, whole genome shotgun sequence",Desulfocurvus vexinensis DSM 17965,139,139,81%,5.00E-35,36.4,176844,NZ_JAEX01000006.1
"Desulfuromonas acetoxidans strain DSM 1676 assembly_contig_9, whole genome shotgun sequence",Desulfuromonas acetoxidans,139,139,80%,6.00E-35,31.45,153047,NZ_JABWTG010000009.1
"Desulfovibrio marinus strain CS1 chromosome, complete genome",Desulfovibrio marinus,139,410,81%,6.00E-35,35.63,4761435,NZ_CP039543.1
"Desulfobacterium autotrophicum HRM2, complete sequence",Desulfobacterium autotrophicum HRM2,138,138,80%,8.00E-35,34.94,5589073,NC_012108.1
"Desulfobulbus elongatus DSM 2908 Q362DRAFT_scaffold00004.4_C, whole genome shotgun sequence",Desulfobulbus elongatus DSM 2908,138,138,81%,8.00E-35,31.87,189644,NZ_JHZB01000004.1
"Desulfobacter curvatus DSM 3379 B147DRAFT_scaffold_5.6, whole genome shotgun sequence",Desulfobacter curvatus DSM 3379,137,137,80%,2.00E-34,33.87,121358,NZ_KB893079.1
"Geobacter anodireducens strain PheS2 Geo-1_14, whole genome shotgun sequence",Geobacter anodireducens,137,137,81%,3.00E-34,32.8,82439,NZ_JADBFD010000014.1
"Geobacter soli strain GSS01 Scaffold1, whole genome shotgun sequence",Geobacter soli,137,137,81%,3.00E-34,32.8,3636051,NZ_JXBL01000001.1
"Pseudodesulfovibrio aespoeensis Aspo-2, complete sequence",Pseudodesulfovibrio aespoeensis Aspo-2,137,278,81%,3.00E-34,34.73,3629109,NC_014844.1
"Geoalkalibacter ferrihydriticus strain DSM 17813, whole genome shotgun sequence",Geoalkalibacter ferrihydriticus,136,136,80%,4.00E-34,32.26,561069,NZ_FNGU01000002.1
"Desulfovibrio fructosivorans JJ ctg00033, whole genome shotgun sequence",Desulfovibrio fructosivorans JJ,136,136,81%,4.00E-34,34.8,124647,NZ_AECZ01000012.1
"Geobacter sulfurreducens PCA, complete sequence",Geobacter sulfurreducens PCA,136,136,81%,4.00E-34,32.8,3814128,NC_002939.5
"Geobacter argillaceus strain ATCC BAA-1139 Ga0052872_scaffold00012.12, whole genome shotgun sequence",Geobacter argillaceus,136,136,80%,4.00E-34,32.39,139086,NZ_VLLN01000012.1
Labilithrix luteola strain DSM 27648 chromosome,Labilithrix luteola,136,195,80%,5.00E-34,33.2,12191466,NZ_CP012333.1
"Geobacter pickeringii strain G13 chromosome, complete genome",Geobacter pickeringii,136,136,81%,5.00E-34,33.2,3618700,NZ_CP009788.1
"Desulfonauticus submarinus strain DSM 15269, whole genome shotgun sequence",Desulfonauticus submarinus,136,136,80%,5.00E-34,35.63,214145,NZ_FNIN01000003.1
"Pseudodesulfovibrio hydrargyri strain BerOc1 BerOc1_contig000004, whole genome shotgun sequence",Pseudodesulfovibrio hydrargyri,135,288,81%,7.00E-34,33.21,2803249,NZ_LKAQ01000004.1
"Desulfovibrio frigidus DSM 17176 BR06DRAFT_scaffold00004.4_C, whole genome shotgun sequence",Desulfovibrio frigidus DSM 17176,135,135,81%,8.00E-34,34.26,324268,NZ_JONL01000004.1
"Desulfocurvibacter africanus subsp. africanus str. Walvis Bay, complete sequence",Desulfocurvibacter africanus subsp. africanus str. Walvis Bay,135,263,81%,8.00E-34,33.04,4200534,NC_016629.1
"Pelobacter seleniigenes DSM 18267 N909DRAFT_scf7180000000030_quiver.2_C, whole genome shotgun sequence",Pelobacter seleniigenes DSM 18267,135,252,81%,9.00E-34,31.45,3076292,NZ_JOMG01000002.1
"Geomonas terrae strain Red111 contig1, whole genome shotgun sequence",Geomonas terrae,135,135,81%,1.00E-33,32.67,1680501,NZ_SRSC01000001.1
"Desulfuromonas thiophila strain DSM 8987, whole genome shotgun sequence",Desulfuromonas thiophila,135,135,83%,1.00E-33,34.23,88012,NZ_FNAQ01000010.1
"Geomonas paludis strain Red736 sequence01, whole genome shotgun sequence",Geomonas paludis,135,135,81%,1.00E-33,32.67,1368605,NZ_BLXY01000001.1
"Halodesulfovibrio marinisediminis DSM 17456, whole genome shotgun sequence",Halodesulfovibrio marinisediminis DSM 17456,135,135,81%,1.00E-33,37.45,955212,NZ_FSRG01000003.1
"Geobacter daltonii FRC-32, complete sequence",Geobacter daltonii FRC-32,135,135,81%,1.00E-33,33.47,4304501,NC_011979.1
Syntrophotalea acetylenica strain DSM 3247 chromosome,Syntrophotalea acetylenica,134,134,81%,1.00E-33,34.26,3176363,NZ_CP015518.1
"Desulfovibrio intestinalis strain DSM 11275 Ga0415384_05, whole genome shotgun sequence",Desulfovibrio intestinalis,134,134,81%,2.00E-33,36.4,381395,NZ_JACHGO010000005.1
"Desulfomicrobium orale DSM 12838 chromosome, complete genome",Desulfomicrobium orale DSM 12838,134,134,80%,2.00E-33,33.2,2783374,NZ_CP014230.1
"Geomonas ferrireducens strain S62 contig1, whole genome shotgun sequence",Geomonas ferrireducens,134,134,81%,2.00E-33,32.67,1995319,NZ_SSYA01000001.1
"Pelobacter carbinolicus DSM 2380, complete sequence",Pelobacter carbinolicus DSM 2380,134,134,81%,2.00E-33,33.07,3665893,NC_007498.2
"Geomonas edaphica strain Red53 contig4, whole genome shotgun sequence",Geomonas edaphica,134,134,81%,2.00E-33,32.67,1148776,NZ_SSYB01000004.1
"Geomonas oryzae strain S43 contig1, whole genome shotgun sequence",Geomonas oryzae,134,134,81%,3.00E-33,32.67,1101829,NZ_RAHW01000001.1
"Desulfovermiculus halophilus DSM 18834 N902DRAFT_scaffold00013.13_C, whole genome shotgun sequence",Desulfovermiculus halophilus DSM 18834,133,133,80%,4.00E-33,33.73,80896,NZ_JIAK01000015.1
"Maridesulfovibrio ferrireducens strain DSM 16995, whole genome shotgun sequence",Maridesulfovibrio ferrireducens,133,133,80%,4.00E-33,31.58,1055914,NZ_FNGA01000001.1
"Desulfovibrio bastinii DSM 16055 G496DRAFT_scaffold00014.14_C, whole genome shotgun sequence",Desulfovibrio bastinii DSM 16055,133,133,75%,4.00E-33,32.47,120985,NZ_AUCX01000017.1
"Desulfocapsa sulfexigens DSM 10523, complete sequence",Desulfocapsa sulfexigens DSM 10523,133,203,80%,5.00E-33,31.05,3986761,NC_020304.1
"Desulfobacula phenolica strain DSM 3384, whole genome shotgun sequence",Desulfobacula phenolica,133,133,80%,5.00E-33,32.26,573891,NZ_FNLL01000002.1
"Desulfuromusa kysingii strain DSM 7343, whole genome shotgun sequence",Desulfuromusa kysingii,133,133,81%,6.00E-33,31.47,300127,NZ_FNQN01000005.1
"Halodesulfovibrio spirochaetisodalis strain JC271 contig1, whole genome shotgun sequence",Halodesulfovibrio spirochaetisodalis,133,133,81%,6.00E-33,36.8,272370,NZ_JXMS01000001.1
"Halodesulfovibrio aestuarii DSM 10141 H584DRAFT_scaffold00002.2_C, whole genome shotgun sequence",Halodesulfovibrio aestuarii DSM 10141,132,132,81%,1.00E-32,33.07,778385,NZ_AULY01000007.1
"Desulfonatronum thioautotrophicum strain ASO4-1 LZ09DRAFT_scaffold00001.1_C, whole genome shotgun sequence",Desulfonatronum thioautotrophicum,132,132,80%,1.00E-32,32.79,1103534,NZ_JYNO01000001.1
"Desulforegula conservatrix Mb1Pa I997DRAFT_scaffold00055.55_C, whole genome shotgun sequence",Desulforegula conservatrix Mb1Pa,132,132,81%,1.00E-32,31.87,27008,NZ_AUEY01000055.1
"Desulfomicrobium baculatum DSM 4028, complete sequence",Desulfomicrobium baculatum DSM 4028,132,209,81%,1.00E-32,30.77,3942657,NC_013173.1
"Desulfosarcina alkanivorans strain PL12 chromosome, complete genome",Desulfosarcina alkanivorans,131,404,83%,2.00E-32,33.86,7324708,NZ_AP021874.1
"Desulfobacula toluolica Tol2, complete sequence",Desulfobacula toluolica Tol2,131,262,81%,2.00E-32,32.26,5197905,NC_018645.1
"Halodesulfovibrio aestuarii DSM 10141 H584DRAFT_scaffold00001.1_C, whole genome shotgun sequence",Halodesulfovibrio aestuarii DSM 10141,131,131,81%,2.00E-32,36.25,781678,NZ_AULY01000006.1
"Hippea alviniae EP5-r G415DRAFT_scaffold00001.1_C, whole genome shotgun sequence",Hippea alviniae EP5-r,131,131,81%,2.00E-32,32.27,1281273,NZ_ATUV01000001.1
"Halodesulfovibrio spirochaetisodalis strain JC271 contig13, whole genome shotgun sequence",Halodesulfovibrio spirochaetisodalis,131,131,81%,2.00E-32,33.07,87367,NZ_JXMS01000013.1
"Desulfurella multipotens strain DSM 8415, whole genome shotgun sequence",Desulfurella multipotens,131,131,81%,2.00E-32,31.75,144600,NZ_FMYU01000006.1
"Geobacter metallireducens GS-15, complete sequence",Geobacter metallireducens GS-15,131,131,81%,2.00E-32,31.87,3997420,NC_007517.1
"Desulfurella acetivorans A63 chromosome, complete genome",Desulfurella acetivorans A63,131,131,81%,3.00E-32,31.75,1816487,NZ_CP007051.1
"Desulfopila aestuarii DSM 18488, whole genome shotgun sequence",Desulfopila aestuarii DSM 18488,131,131,80%,3.00E-32,31.05,430916,NZ_FRFE01000001.1
"Geobacter bemidjiensis Bem, complete sequence",Geobacter bemidjiensis Bem,131,131,81%,3.00E-32,31.87,4615150,NC_011146.1
"Desulfotignum balticum DSM 7044 K365DRAFT_scaffold00001.1_C, whole genome shotgun sequence",Desulfotignum balticum DSM 7044,130,264,81%,3.00E-32,33.47,4821415,NZ_ATWO01000001.1
"Corallococcus exercitus strain AB043B NODE_393_length_7740_cov_27.3887, whole genome shotgun sequence",Corallococcus exercitus,130,130,81%,3.00E-32,31.47,7740,NZ_JABFJV010000393.1
"Myxococcus stipitatus DSM 14675, complete sequence",Myxococcus stipitatus DSM 14675,130,226,80%,4.00E-32,31.45,10350586,NC_020126.1
"Dissulfuribacter thermophilus strain S69 contig00003, whole genome shotgun sequence",Dissulfuribacter thermophilus,130,130,81%,5.00E-32,32.14,218644,NZ_MAGO01000003.1
"Myxococcus fulvus strain DSM 16525, whole genome shotgun sequence",Myxococcus fulvus,130,130,81%,5.00E-32,31.47,306865,NZ_FOIB01000014.1
"Corallococcus aberystwythensis strain AB050A NODE_111_29837_cov_23.2359_ID_11661, whole genome shotgun sequence",Corallococcus aberystwythensis,130,130,81%,5.00E-32,31.47,29837,NZ_RAWK01000111.1
"Halodesulfovibrio marinisediminis DSM 17456, whole genome shotgun sequence",Halodesulfovibrio marinisediminis DSM 17456,130,130,81%,6.00E-32,32.67,818771,NZ_FSRG01000004.1
"Desulfovibrio gilichinskyi strain K3S, whole genome shotgun sequence",Desulfovibrio gilichinskyi,130,130,80%,7.00E-32,31.58,553632,NZ_FWZU01000004.1
"Desulfomonile tiedjei DSM 6799, complete sequence",Desulfomonile tiedjei DSM 6799,130,317,83%,7.00E-32,31.47,6500104,NC_018025.1
"Geomonas limicola strain Red745 sequence02, whole genome shotgun sequence",Geomonas limicola,129,129,80%,8.00E-32,32.66,768223,NZ_BLXZ01000002.1
"Desulfovibrio bastinii DSM 16055 G496DRAFT_scaffold00007.7_C, whole genome shotgun sequence",Desulfovibrio bastinii DSM 16055,129,129,80%,8.00E-32,31.17,233956,NZ_AUCX01000009.1
"Desulfospira joergensenii DSM 10085 F608DRAFT_scaffold00002.2_C, whole genome shotgun sequence",Desulfospira joergensenii DSM 10085,129,129,80%,8.00E-32,32.26,2416792,NZ_ATUG01000002.1
"Sandaracinus amylolyticus strain DSM 53668 chromosome, complete genome",Sandaracinus amylolyticus,129,202,81%,9.00E-32,32.66,10327335,NZ_CP011125.1
"Desulfonauticus submarinus strain DSM 15269, whole genome shotgun sequence",Desulfonauticus submarinus,129,129,80%,9.00E-32,31.05,65842,NZ_FNIN01000009.1
"Desulfovibrio psychrotolerans strain JS1 sequence43, whole genome shotgun sequence",Desulfovibrio psychrotolerans,129,129,81%,1.00E-31,31.87,219394,NZ_BLVP01000043.1
"Corallococcus llansteffanensis strain CA051B NODE_82_23148_cov_14.2243, whole genome shotgun sequence",Corallococcus llansteffanensis,129,129,81%,1.00E-31,31.47,23148,NZ_RAWB01000082.1
"Desulfarculus baarsii DSM 2075, complete sequence",Desulfarculus baarsii DSM 2075,129,129,81%,1.00E-31,31.47,3655731,NC_014365.1
"Geobacter uraniireducens Rf4, complete sequence",Geobacter uraniireducens Rf4,129,129,81%,1.00E-31,33.07,5136364,NC_009483.1
"Desulfovibrio zosterae DSM 11974 H589DRAFT_scaffold00002.2_C, whole genome shotgun sequence",Desulfovibrio zosterae DSM 11974,129,129,80%,1.00E-31,32.66,780997,NZ_AUDC01000010.1
"Geoalkalibacter subterraneus strain Red1 chromosome, complete genome",Geoalkalibacter subterraneus,129,129,79%,1.00E-31,30.61,3475523,NZ_CP010311.1
"Desulfococcus oleovorans Hxd3, complete sequence",Desulfococcus oleovorans Hxd3,129,314,81%,1.00E-31,33.07,3944167,NC_009943.1
"Corallococcus terminator strain CA054A NODE_88_30076_cov_28.3368, whole genome shotgun sequence",Corallococcus terminator,129,129,81%,1.00E-31,31.47,30076,NZ_RAVZ01000088.1
"Desulfomicrobium apsheronum strain DSM 5918, whole genome shotgun sequence",Desulfomicrobium apsheronum,129,129,80%,1.00E-31,30.77,322729,NZ_FORX01000003.1
"Corallococcus sicarius strain CA040B NODE_182_19269_cov_55.1441, whole genome shotgun sequence",Corallococcus sicarius,129,129,81%,1.00E-31,31.47,19269,NZ_RAWG01000182.1
"Desulfomicrobium macestii strain DSM 4194 Ga0244497_03, whole genome shotgun sequence",Desulfomicrobium macestii,129,129,80%,2.00E-31,30.77,240990,NZ_JADBGG010000003.1
"Desulfomicrobium norvegicum strain DSM 1741, whole genome shotgun sequence",Desulfomicrobium norvegicum,129,129,80%,2.00E-31,30.77,405561,NZ_FOTO01000002.1
"Desulfobacter vibrioformis DSM 8776 Q366DRAFT_scaffold00008.8_C, whole genome shotgun sequence",Desulfobacter vibrioformis DSM 8776,129,188,80%,2.00E-31,31.85,165397,NZ_JQKJ01000009.1
"Pseudodesulfovibrio indicus strain DSM 101483 Ga0244724_107, whole genome shotgun sequence",Pseudodesulfovibrio indicus,128,128,81%,2.00E-31,32.18,199417,NZ_SOBK01000007.1
"Corallococcus praedator strain CA031B NODE_149_20387_cov_36.1974, whole genome shotgun sequence",Corallococcus praedator,128,128,81%,2.00E-31,31.08,20387,NZ_RAWI01000149.1
"Desulfobulbus japonicus DSM 18378 G493DRAFT_scaffold00013.13_C, whole genome shotgun sequence",Desulfobulbus japonicus DSM 18378,128,128,80%,2.00E-31,29.44,124647,NZ_AUCV01000017.1
"Geomonas silvestris strain Red330 sequence02, whole genome shotgun sequence",Geomonas silvestris,128,128,80%,2.00E-31,32.26,610809,NZ_BLXX01000002.1
"Desulfotignum phosphitoxidans DSM 13687 Dpo_3c, whole genome shotgun sequence",Desulfotignum phosphitoxidans DSM 13687,128,128,80%,2.00E-31,33.06,491392,NZ_APJX01000003.1
"Desulfotignum phosphitoxidans DSM 13687 Dpo_8c, whole genome shotgun sequence",Desulfotignum phosphitoxidans DSM 13687,128,128,80%,2.00E-31,33.06,207304,NZ_APJX01000008.1
"Melittangium boletus DSM 14713 chromosome, complete genome",Melittangium boletus DSM 14713,128,214,81%,3.00E-31,31.08,9910441,NZ_CP022163.1
"Pseudodesulfovibrio profundus strain 500-1 chromosome DPRO, complete sequence",Pseudodesulfovibrio profundus,128,128,81%,3.00E-31,32.44,4168905,NZ_LT907975.1
"Corallococcus carmarthensis strain CA043D NODE_112_30829_cov_30.3728_ID_10803, whole genome shotgun sequence",Corallococcus carmarthensis,127,127,81%,3.00E-31,30.68,30829,NZ_RAWE01000112.1
"Desulfovibrio putealis DSM 16056 G453DRAFT_scaffold00002.2_C, whole genome shotgun sequence",Desulfovibrio putealis DSM 16056,128,243,81%,3.00E-31,33.98,626643,NZ_AUBQ01000003.1
"Desulfohalobium retbaense DSM 5692, complete sequence",Desulfohalobium retbaense DSM 5692,128,231,81%,3.00E-31,31.58,2864304,NC_013223.1
Persicimonas caeni strain YN101 chromosome,Persicimonas caeni,127,287,81%,3.00E-31,32.17,8047306,NZ_CP041186.1
"Archangium gephyra strain DSM 2261 Ga0070489_106, whole genome shotgun sequence",Archangium gephyra,127,127,81%,4.00E-31,31.08,800329,NZ_QUMU01000006.1
"Desulfocarbo indianensis strain SCBM scaffold4.1, whole genome shotgun sequence",Desulfocarbo indianensis,127,127,81%,4.00E-31,32.27,506308,NZ_LBMP01000004.1
"Desulfomicrobium escambiense DSM 10707 G394DRAFT_scaffold00002.2_C, whole genome shotgun sequence",Desulfomicrobium escambiense DSM 10707,127,127,80%,5.00E-31,31.58,330803,NZ_AUAR01000002.1
"Desulfovibrio gigas DSM 1382 = ATCC 19364 plasmid unnamed, partial sequence",Desulfovibrio gigas DSM 1382 = ATCC 19364,127,127,83%,5.00E-31,33.97,102023,NC_022436.1
"Desulfovibrio gracilis DSM 16080, whole genome shotgun sequence",Desulfovibrio gracilis DSM 16080,127,127,80%,6.00E-31,31.85,63780,NZ_FUYC01000013.1
"Geobacter pelophilus strain Dfr2, whole genome shotgun sequence",Geobacter pelophilus,127,127,81%,6.00E-31,31.47,4176986,NZ_BDQG01000001.1
"Geobacter bremensis strain R4 chromosome, complete genome",Geobacter bremensis,127,127,81%,6.00E-31,31.47,4458493,NZ_AP023213.1
"Desulfovibrio mexicanus strain DSM 13116, whole genome shotgun sequence",Desulfovibrio mexicanus,127,127,81%,7.00E-31,32.44,496652,NZ_FZOC01000003.1
"Corallococcus interemptor strain AB047A NODE_36_71782_cov_89.8729_ID_7991, whole genome shotgun sequence",Corallococcus interemptor,127,127,81%,7.00E-31,31.08,71782,NZ_RAWM01000036.1
"Corallococcus exiguus strain DSM 14696 contig12, whole genome shotgun sequence",Corallococcus exiguus,126,126,81%,8.00E-31,31.08,319367,NZ_JAAAPK010000012.1
"Nannocystis exedens strain DSM 71 utg4, whole genome shotgun sequence",Nannocystis exedens,126,126,80%,8.00E-31,32.53,788327,NZ_NETK01000002.1
"Corallococcus coralloides DSM 2259, complete sequence",Corallococcus coralloides DSM 2259,126,222,81%,1.00E-30,30.68,10080619,NC_017030.1
"Desulfatibacillum alkenivorans DSM 16219, whole genome shotgun sequence",Desulfatibacillum alkenivorans DSM 16219,126,126,81%,1.00E-30,32.27,11261,NZ_FQZU01000076.1
"Stigmatella aurantiaca strain DSM 17044, whole genome shotgun sequence",Stigmatella aurantiaca,125,125,80%,2.00E-30,31.85,552472,NZ_FOAP01000003.1
"Desulfatitalea tepidiphila strain S28bF, whole genome shotgun sequence",Desulfatitalea tepidiphila,125,417,83%,2.00E-30,32.67,2840042,NZ_BCAG01000003.1
"Desulfovibrio indonesiensis strain P37SLT P37SLT_10, whole genome shotgun sequence",Desulfovibrio indonesiensis,125,125,81%,2.00E-30,32,156464,NZ_QMIE01000010.1
"Desulfurella amilsii strain TR1 opera_scaffold_1, whole genome shotgun sequence",Desulfurella amilsii,125,125,81%,2.00E-30,30.56,1269579,NZ_MDSU01000018.1
"Desulfonatronum thiosulfatophilum strain ASO4-2, whole genome shotgun sequence",Desulfonatronum thiosulfatophilum,125,125,80%,2.00E-30,31.85,233780,NZ_FMXO01000004.1
"Deferrisoma camini S3R1 DefcaDRAFT_chromosome1.1_C, whole genome shotgun sequence",Deferrisoma camini S3R1,125,125,80%,2.00E-30,33.6,4236551,NZ_JAFN01000001.1
"Desulfobulbus mediterraneus DSM 13871 G494DRAFT_scaffold00006.6, whole genome shotgun sequence",Desulfobulbus mediterraneus DSM 13871,125,125,81%,2.00E-30,29.08,266480,NZ_KE387006.1
"Desulfovibrio alcoholivorans DSM 5433 Q368DRAFT_scaffold00002.2_C, whole genome shotgun sequence",Desulfovibrio alcoholivorans DSM 5433,125,125,81%,2.00E-30,35.71,594476,NZ_JNJA01000002.1
"Cystobacter ferrugineus strain Cbfe23 Contig_115, whole genome shotgun sequence",Cystobacter ferrugineus,125,125,81%,2.00E-30,30.68,408223,NZ_MPIN01000010.1
"Desulfatiglans anilini DSM 4660 H567DRAFT_scaffold00001.1_C, whole genome shotgun sequence",Desulfatiglans anilini DSM 4660,125,125,81%,3.00E-30,31.47,443514,NZ_AULM01000001.1
"Cystobacter fuscus DSM 2262 contig4, whole genome shotgun sequence",Cystobacter fuscus DSM 2262,125,125,80%,3.00E-30,30.65,726204,NZ_ANAH02000004.1
"Minicystis rosea strain DSM 24000, complete genome",Minicystis rosea,125,291,82%,3.00E-30,32.68,16040666,NZ_CP016211.1
"Desulfatibacillum aliphaticivorans, complete sequence",Desulfatibacillum aliphaticivorans,125,279,83%,3.00E-30,31.08,6517073,NC_011768.1
"Polyangium fumosum strain DSM 14668 Scaffold4_1, whole genome shotgun sequence",Polyangium fumosum,124,211,81%,4.00E-30,33.2,303106,NZ_SSMQ01000004.1
"Desulfosarcina ovata subsp. sediminis strain 28bB2T chromosome, complete genome",Desulfosarcina ovata subsp. sediminis,124,584,83%,4.00E-30,33.47,8261151,NZ_AP021876.1
"Desulfurivibrio alkaliphilus AHT 2, complete sequence",Desulfurivibrio alkaliphilus AHT 2,124,204,83%,4.00E-30,30.23,3097763,NC_014216.1
"Archangium violaceum Cb vi76 contig00183, whole genome shotgun sequence",Archangium violaceum Cb vi76,124,124,81%,4.00E-30,30.28,43614,NZ_JPMI01000175.1
"Desulfovibrio litoralis DSM 11393, whole genome shotgun sequence",Desulfovibrio litoralis DSM 11393,124,124,81%,5.00E-30,32.27,85613,NZ_FRDI01000010.1
"Bilophila wadsworthia 3_1_6 acCls-supercont2.1, whole genome shotgun sequence",Bilophila wadsworthia 3_1_6,124,371,81%,5.00E-30,33.47,3169074,NZ_KE150238.1
"Sorangium cellulosum So ce56, complete sequence",Sorangium cellulosum So ce56,124,285,81%,6.00E-30,32.67,13033779,NC_010162.1
"Chondromyces crocatus strain Cm c5 chromosome, complete genome",Chondromyces crocatus,123,259,80%,1.00E-29,32.93,11388132,NZ_CP012159.1
"Hippea maritima DSM 10411, complete sequence",Hippea maritima DSM 10411,123,123,83%,1.00E-29,31.13,1694430,NC_015318.1
"Desulfonema ishimotonii strain Tokyo 01 NODE_1, whole genome shotgun sequence",Desulfonema ishimotonii,123,123,81%,1.00E-29,33.2,6610564,NZ_BEXT01000001.1
"Desulfosalsimonas propionicica strain DSM 17721 Ga0415317_01, whole genome shotgun sequence",Desulfosalsimonas propionicica,123,123,81%,1.00E-29,32,821796,NZ_JACDUS010000001.1
"Desulfovibrio aminophilus DSM 12254 H587DRAFT_scaffold00003.3, whole genome shotgun sequence",Desulfovibrio aminophilus DSM 12254,123,123,80%,1.00E-29,32.43,318219,NZ_KE383876.1
"Desulfovibrio oxyclinae DSM 11498 B149DRAFT_scaffold_3.4_C, whole genome shotgun sequence",Desulfovibrio oxyclinae DSM 11498,123,123,80%,2.00E-29,29.62,236068,NZ_AQXE01000004.1
"Desulfovibrio senegalensis strain DSM 101509 38111_DEBL13788_contig00006, whole genome shotgun sequence",Desulfovibrio senegalensis,122,122,81%,2.00E-29,30.8,200622,NZ_WAIE01000006.1
"Desulfovibrio piger isolate MGYG-HGUT-01321, whole genome shotgun sequence",Desulfovibrio piger,122,122,80%,3.00E-29,31.05,949521,NZ_CABKOD010000039.1
"Desulfofustis glycolicus DSM 9705, whole genome shotgun sequence",Desulfofustis glycolicus DSM 9705,122,122,81%,4.00E-29,31.47,125101,NZ_FQXS01000013.1
"Chondromyces apiculatus DSM 436 contig96, whole genome shotgun sequence",Chondromyces apiculatus DSM 436,122,205,80%,4.00E-29,32.13,44200,NZ_ASRX01000096.1
"Syntrophus gentianae strain DSM 8423, whole genome shotgun sequence",Syntrophus gentianae,121,121,83%,4.00E-29,30.62,211184,NZ_FOBS01000004.1
"Hyalangium minutum strain DSM 14724 contig_6, whole genome shotgun sequence",Hyalangium minutum,121,121,80%,5.00E-29,30.24,1037819,NZ_JMCB01000006.1
"Desulfobotulus mexicanus strain PAR22N Contig_5, whole genome shotgun sequence",Desulfobotulus mexicanus,121,121,81%,5.00E-29,33.47,50709,NZ_VDMB01000024.1
"Mailhella massiliensis strain Marseille-P3199T, whole genome shotgun sequence",Mailhella massiliensis,121,121,81%,5.00E-29,30.68,1272638,NZ_LT706952.1
"Syntrophorhabdus aromaticivorans UI SynarDRAFT_SAI.2, whole genome shotgun sequence",Syntrophorhabdus aromaticivorans UI,121,121,80%,6.00E-29,30.65,3175639,NZ_KI867150.1
"Polyangium spumosum strain DSM 14734 Scaffold1, whole genome shotgun sequence",Polyangium spumosum,121,205,80%,7.00E-29,32.13,1503602,NZ_WJIE01000001.1
"Pelobacter propionicus DSM 2379, complete sequence",Pelobacter propionicus DSM 2379,121,171,80%,7.00E-29,31.45,4008000,NC_008609.1
"Desulfovibrio cuneatus DSM 11391 G497DRAFT_scaffold00008.8_C, whole genome shotgun sequence",Desulfovibrio cuneatus DSM 11391,120,120,81%,8.00E-29,31.08,117902,NZ_AUCY01000013.1
Pajaroellobacter abortibovis strain BTF92-0548A/99-0131 chromosome,Pajaroellobacter abortibovis,120,199,81%,9.00E-29,31.1,1821632,NZ_CP016908.1
"Desulfococcus multivorans strain DSM 2059 chromosome, complete genome",Desulfococcus multivorans,120,120,81%,9.00E-29,32.02,4455399,NZ_CP015381.1
"Desulfosarcina widdelii strain PP31 chromosome, complete genome",Desulfosarcina widdelii,120,469,81%,9.00E-29,32.27,7297718,NZ_AP021875.1
"Desulfatirhabdium butyrativorans DSM 18734 G492DRAFT_scaffold00001.1, whole genome shotgun sequence",Desulfatirhabdium butyrativorans DSM 18734,120,120,80%,1.00E-28,31.05,446128,NZ_KE386985.1
"Cupidesulfovibrio oxamicus strain NCIMB 9442 NODE_33, whole genome shotgun sequence",Cupidesulfovibrio oxamicus,120,120,80%,1.00E-28,30.65,16772,NZ_VRYY01000265.1
"Desulfoplanes formicivorans strain Pf12B, whole genome shotgun sequence",Desulfoplanes formicivorans,120,120,80%,2.00E-28,30.77,716656,NZ_BDFE01000015.1
"Geopsychrobacter electrodiphilus DSM 16401 D888DRAFT_scaffold00001.1_C, whole genome shotgun sequence",Geopsychrobacter electrodiphilus DSM 16401,120,120,81%,2.00E-28,29.88,4241730,NZ_ARWE01000001.1
"Geobacter thiogenes strain ATCC BAA-34, whole genome shotgun sequence",Geobacter thiogenes,120,120,80%,2.00E-28,32.26,187114,NZ_FUWR01000004.1
"Desulfonatronovibrio magnus strain AHT22 LZ23DRAFT_scaffold00019.19_C, whole genome shotgun sequence",Desulfonatronovibrio magnus,119,119,80%,2.00E-28,29.15,72501,NZ_JYNP01000033.1
"Desulfocurvus vexinensis DSM 17965 G495DRAFT_scaffold00008.8_C, whole genome shotgun sequence",Desulfocurvus vexinensis DSM 17965,119,119,80%,3.00E-28,29.6,110300,NZ_JAEX01000010.1
"Stigmatella erecta strain DSM 16858, whole genome shotgun sequence",Stigmatella erecta,119,119,80%,3.00E-28,31.05,217814,NZ_FOIJ01000016.1
"Desulfobotulus alkaliphilus strain ASO4-4 LZ24DRAFT_scaffold00008.8, whole genome shotgun sequence",Desulfobotulus alkaliphilus,119,119,81%,3.00E-28,33.47,138720,NZ_VLLC01000008.1
"Dissulfurirhabdus thermomarina strain SH388 1, whole genome shotgun sequence",Dissulfurirhabdus thermomarina,119,119,80%,4.00E-28,32.66,713503,NZ_JAATWC010000001.1
"Desulfovibrio intestinalis strain DSM 11275 Ga0415384_06, whole genome shotgun sequence",Desulfovibrio intestinalis,119,119,80%,4.00E-28,30.65,315804,NZ_JACHGO010000006.1
"Desulfovibrio alcoholivorans DSM 5433 Q368DRAFT_scaffold00028.28_C, whole genome shotgun sequence",Desulfovibrio alcoholivorans DSM 5433,119,119,81%,4.00E-28,32.42,22471,NZ_JNJA01000028.1
"Desulfobulbus oralis strain HOT041/ORNL chromosome, complete genome",Desulfobulbus oralis,119,119,81%,4.00E-28,30.28,2774417,NZ_CP021255.1
"Desulfovibrio desulfuricans DSM 642 G449DRAFT_scaffold00003.3_C, whole genome shotgun sequence",Desulfovibrio desulfuricans DSM 642,119,119,80%,4.00E-28,30.24,378826,NZ_ATUZ01000014.1
"Desulfonatronum thiodismutans strain MLF-1 contig12, whole genome shotgun sequence",Desulfonatronum thiodismutans,119,119,80%,5.00E-28,30.77,324154,NZ_JPIK01000012.1
"Haliangium ochraceum DSM 14365, complete sequence",Haliangium ochraceum DSM 14365,118,357,81%,5.00E-28,29.48,9446314,NC_013440.1
"Desulfocarbo indianensis strain SCBM scaffold5.1, whole genome shotgun sequence",Desulfocarbo indianensis,118,118,81%,6.00E-28,30.28,465460,NZ_LBMP01000005.1
"Desulfovibrio legallii strain H1T scaffold_3, whole genome shotgun sequence",Desulfovibrio legallii,118,118,80%,7.00E-28,30.65,246664,NZ_SIXC01000004.1
"Desulfobacter postgatei 2ac9 chromosome, whole genome shotgun sequence",Desulfobacter postgatei 2ac9,117,256,81%,9.00E-28,33.06,3974658,NZ_CM001488.1
"Desulforhopalus singaporensis strain DSM 12130, whole genome shotgun sequence",Desulforhopalus singaporensis,117,117,80%,1.00E-27,27.82,7154,NZ_FNJI01000073.1
"Desulfovibrio alkalitolerans DSM 16529 ctg19, whole genome shotgun sequence",Desulfovibrio alkalitolerans DSM 16529,117,117,80%,1.00E-27,31.85,47987,NZ_ATHI01000010.1
"Enhygromyxa salina strain SWB007 ENSA7_contig000050, whole genome shotgun sequence",Enhygromyxa salina,117,117,83%,2.00E-27,30.12,40184,NZ_PVNL01000050.1
"Hippea jasoniae strain Mar08-272r EK17DRAFT_scaffold00003.3_C, whole genome shotgun sequence",Hippea jasoniae,117,117,81%,2.00E-27,31.47,242533,NZ_JQLX01000012.1
Desulfobacter hydrogenophilus strain AcRS1 chromosome,Desulfobacter hydrogenophilus,117,177,80%,2.00E-27,32.66,5105261,NZ_CP036313.1
"Desulfovibrio brasiliensis JCM 12178, whole genome shotgun sequence",Desulfovibrio brasiliensis JCM 12178,116,116,81%,3.00E-27,30.04,52511,NZ_BBCB01000013.1
"Geobacter lovleyi SZ, complete sequence",Geobacter lovleyi SZ,116,116,80%,3.00E-27,31.85,3917761,NC_010814.1
"Syntrophus aciditrophicus SB, complete sequence",Syntrophus aciditrophicus SB,116,116,83%,3.00E-27,29.46,3179300,NC_007759.1
"Anaeromyxobacter dehalogenans 2CP-1, complete sequence",Anaeromyxobacter dehalogenans 2CP-1,115,279,80%,6.00E-27,31.58,5029329,NC_011891.1
"Desulfacinum infernum DSM 9756, whole genome shotgun sequence",Desulfacinum infernum DSM 9756,115,115,81%,1.00E-26,31.89,154688,NZ_FQVB01000009.1
"Desulfovibrio bizertensis DSM 18034, whole genome shotgun sequence",Desulfovibrio bizertensis DSM 18034,114,114,80%,1.00E-26,29.2,29206,NZ_FUYA01000015.1
"Syntrophobacter fumaroxidans MPOB, complete sequence",Syntrophobacter fumaroxidans MPOB,114,114,80%,1.00E-26,31.33,4990251,NC_008554.1
"Desulfacinum hydrothermale DSM 13146, whole genome shotgun sequence",Desulfacinum hydrothermale DSM 13146,114,114,81%,2.00E-26,30.28,176863,NZ_FWXF01000008.1
"Thermodesulforhabdus norvegica strain DSM 9990, whole genome shotgun sequence",Thermodesulforhabdus norvegica,114,114,81%,2.00E-26,31.47,740885,NZ_FOUU01000001.1
"Desulfovibrio alcoholivorans DSM 5433 Q368DRAFT_scaffold00001.1_C, whole genome shotgun sequence",Desulfovibrio alcoholivorans DSM 5433,114,114,80%,2.00E-26,28.74,729265,NZ_JNJA01000001.1
"Desulfobaculum xiamenense strain DSM 24233 Ga0373198_02, whole genome shotgun sequence",Desulfobaculum xiamenense,114,114,80%,2.00E-26,29.6,1155943,NZ_JAATJA010000002.1
"Desulfobacterium vacuolatum DSM 3385, whole genome shotgun sequence",Desulfobacterium vacuolatum DSM 3385,113,113,81%,3.00E-26,31.87,201140,NZ_FWXY01000008.1
"Desulfovibrio fructosivorans JJ ctg00024, whole genome shotgun sequence",Desulfovibrio fructosivorans JJ,112,112,81%,5.00E-26,29.2,158656,NZ_AECZ01000008.1
"Pseudodesulfovibrio piezophilus C1TLV30, complete sequence",Pseudodesulfovibrio piezophilus C1TLV30,112,239,81%,5.00E-26,31.72,3646098,NC_020409.1
"Lawsonia intracellularis N343 plasmid 1, complete sequence",Lawsonia intracellularis N343,112,112,80%,8.00E-26,28.4,27133,NC_020128.1
"Desulfovibrio aerotolerans strain DSM 16695 NODE_7_length_141980_cov_33.401923, whole genome shotgun sequence",Desulfovibrio aerotolerans,112,112,81%,9.00E-26,28.8,141980,NZ_WVUD01000007.1
"Bradymonas sediminis strain FA350 chromosome, complete genome",Bradymonas sediminis,111,268,81%,1.00E-25,32.27,5045683,NZ_CP030032.1
"Desulfosoma caldarium strain DSM 22027 Ga0244684_110, whole genome shotgun sequence",Desulfosoma caldarium,110,110,81%,2.00E-25,30.68,98706,NZ_RJVA01000001.1
"Desulfovibrio inopinatus DSM 10711 G451DRAFT_scaffold00006.6_C, whole genome shotgun sequence",Desulfovibrio inopinatus DSM 10711,110,110,81%,2.00E-25,29.2,259379,NZ_AUBP01000007.1
"Desulfosalsimonas propionicica strain DSM 17721 Ga0415317_02, whole genome shotgun sequence",Desulfosalsimonas propionicica,106,106,81%,8.00E-24,28.46,601403,NZ_JACDUS010000002.1
"Corallococcus macrosporus DSM 14697 chromosome, complete genome",Corallococcus macrosporus DSM 14697,106,201,80%,1.00E-23,29.44,8973512,NZ_CP022203.1
"Desulfovibrio putealis DSM 16056 G453DRAFT_scaffold00001.1, whole genome shotgun sequence",Desulfovibrio putealis DSM 16056,105,105,80%,1.00E-23,29.96,763054,NZ_KE386885.1
"Myxococcus hansupus strain contaminant ex DSM 436 chromosome, complete genome",Myxococcus hansupus,105,201,81%,1.00E-23,29.48,9490432,NZ_CP012109.1
"Desulfopila aestuarii DSM 18488, whole genome shotgun sequence",Desulfopila aestuarii DSM 18488,105,105,81%,1.00E-23,28.69,60912,NZ_FRFE01000031.1
"Pseudodesulfovibrio indicus strain DSM 101483 Ga0244724_111, whole genome shotgun sequence",Pseudodesulfovibrio indicus,105,105,81%,1.00E-23,31.08,156177,NZ_SOBK01000011.1
"Myxococcus virescens strain DSM 2260, whole genome shotgun sequence",Myxococcus virescens,105,105,81%,1.00E-23,29.48,503429,NZ_FNAJ01000006.1
"Myxococcus xanthus DK 1622, complete sequence",Myxococcus xanthus DK 1622,105,200,81%,2.00E-23,29.48,9139763,NC_008095.1
"Desulfovibrio longus DSM 6739 G452DRAFT_scaffold00004.4_C, whole genome shotgun sequence",Desulfovibrio longus DSM 6739,103,103,80%,5.00E-23,31.45,399957,NZ_ATVA01000014.1
"Desulfoprunum benzoelyticum strain DSM 28570 Ga0415323_04, whole genome shotgun sequence",Desulfoprunum benzoelyticum,103,103,81%,6.00E-23,30.28,172124,NZ_JACHEO010000004.1
"Vulgatibacter incomptus strain DSM 27710 chromosome, complete genome",Vulgatibacter incomptus,103,335,81%,8.00E-23,29.46,4350553,NZ_CP012332.1
"Pyxidicoccus fallax strain DSM 14698 NODE_181_length_25300_cov_47.8285, whole genome shotgun sequence",Pyxidicoccus fallax,102,102,80%,2.00E-22,30.24,25300,NZ_JABBJJ010000181.1
"Desulfovibrio inopinatus DSM 10711 G451DRAFT_scaffold00020.20_C, whole genome shotgun sequence",Desulfovibrio inopinatus DSM 10711,100,100,82%,8.00E-22,28.74,125175,NZ_AUBP01000027.1
"Geoalkalibacter subterraneus strain Red1 plasmid pGSUB1, complete sequence",Geoalkalibacter subterraneus,100,100,80%,1.00E-21,27.2,242122,NZ_CP010312.1
"Desulfovibrio senegalensis strain DSM 101509 38111_DEBL13788_contig00011, whole genome shotgun sequence",Desulfovibrio senegalensis,97.8,97.8,81%,6.00E-21,27.38,29066,NZ_WAIE01000011.1
"Corallococcus praedator strain CA031B NODE_710_2069_cov_31.001, whole genome shotgun sequence",Corallococcus praedator,97.4,97.4,80%,7.00E-21,28.11,2069,NZ_RAWI01000710.1
"Corallococcus aberystwythensis strain AB050A NODE_10_62397_cov_24.3422_ID_11457, whole genome shotgun sequence",Corallococcus aberystwythensis,97.4,97.4,80%,8.00E-21,28.11,62397,NZ_RAWK01000010.1
"Corallococcus llansteffanensis strain CA051B NODE_293_12585_cov_15.0695, whole genome shotgun sequence",Corallococcus llansteffanensis,97.4,97.4,80%,9.00E-21,28.11,12585,NZ_RAWB01000293.1
"Corallococcus terminator strain CA054A NODE_41_40072_cov_32.1002, whole genome shotgun sequence",Corallococcus terminator,97.1,97.1,80%,1.00E-20,28.11,40072,NZ_RAVZ01000041.1
"Corallococcus sicarius strain CA040B NODE_75_34172_cov_45.5801, whole genome shotgun sequence",Corallococcus sicarius,97.1,97.1,80%,1.00E-20,28.11,34172,NZ_RAWG01000075.1
"Pelobacter propionicus DSM 2379 plasmid pPRO1, complete sequence",Pelobacter propionicus DSM 2379,97.1,97.1,78%,1.00E-20,29.75,202397,NC_008607.1
"Corallococcus exercitus strain AB043B NODE_26_length_51001_cov_34.112, whole genome shotgun sequence",Corallococcus exercitus,96.7,96.7,80%,2.00E-20,28.11,51001,NZ_JABFJV010000026.1
"Corallococcus carmarthensis strain CA043D NODE_54_51853_cov_30.6927_ID_10687, whole genome shotgun sequence",Corallococcus carmarthensis,96.7,96.7,80%,2.00E-20,28.11,51853,NZ_RAWE01000054.1
"Corallococcus interemptor strain AB047A NODE_43_63475_cov_71.7578_ID_8005, whole genome shotgun sequence",Corallococcus interemptor,95.9,95.9,80%,3.00E-20,28.11,63475,NZ_RAWM01000043.1
"Desulfovibrio inopinatus DSM 10711 G451DRAFT_scaffold00026.26, whole genome shotgun sequence",Desulfovibrio inopinatus DSM 10711,95.9,95.9,81%,3.00E-20,27.38,64169,NZ_KE386883.1
"Corallococcus exiguus strain DSM 14696 contig1, whole genome shotgun sequence",Corallococcus exiguus,95.9,95.9,80%,3.00E-20,28.11,1565207,NZ_JAAAPK010000001.1
"Myxococcus virescens strain DSM 2260, whole genome shotgun sequence",Myxococcus virescens,95.1,95.1,78%,6.00E-20,29.05,1544918,NZ_FNAJ01000001.1
"Myxococcus fulvus strain DSM 16525, whole genome shotgun sequence",Myxococcus fulvus,94.4,94.4,78%,9.00E-20,28.22,1807597,NZ_FOIB01000001.1
"Pyxidicoccus fallax strain DSM 14698 NODE_494_length_6895_cov_43.7556, whole genome shotgun sequence",Pyxidicoccus fallax,94.4,94.4,78%,9.00E-20,28.63,6895,NZ_JABBJJ010000494.1
"Desulfonatronovibrio hydrogenovorans DSM 9292 P771DRAFT_scaffold00004.4_C, whole genome shotgun sequence",Desulfonatronovibrio hydrogenovorans DSM 9292,94.4,94.4,80%,1.00E-19,28.17,242005,NZ_JMKT01000011.1
"Desulfosarcina cetonica JCM 12296, whole genome shotgun sequence",Desulfosarcina cetonica JCM 12296,94,94,81%,1.00E-19,28.06,69743,NZ_BBCC01000011.1
"Pseudodesulfovibrio indicus strain DSM 101483 Ga0244724_101, whole genome shotgun sequence",Pseudodesulfovibrio indicus,94,94,81%,1.00E-19,25.98,844694,NZ_SOBK01000001.1
"Desulfatiglans anilini DSM 4660 H567DRAFT_scaffold00043.43_C, whole genome shotgun sequence",Desulfatiglans anilini DSM 4660,91.7,91.7,56%,7.00E-19,32.76,24404,NZ_AULM01000044.1
"Desulfosarcina cetonica JCM 12296, whole genome shotgun sequence",Desulfosarcina cetonica JCM 12296,91.7,91.7,81%,8.00E-19,25.97,30882,NZ_BBCC01000065.1
"Desulfobacter latus strain AcRS2 NODE_59_length_47655_cov_37.062174, whole genome shotgun sequence",Desulfobacter latus,91.3,91.3,80%,1.00E-18,25.7,47655,NZ_JACADJ010000026.1
"Desulfohalobium retbaense DSM 5692 plasmid pDRET01, complete sequence",Desulfohalobium retbaense DSM 5692,91.3,204,81%,1.00E-18,28.63,45263,NC_013224.1
"Hyalangium minutum strain DSM 14724 contig_2, whole genome shotgun sequence",Hyalangium minutum,91.3,91.3,78%,1.00E-18,28.22,734717,NZ_JMCB01000002.1
"Desulfovibrio magneticus RS-1 plasmid pDMC1, complete sequence",Desulfovibrio magneticus RS-1,91.3,140,81%,1.00E-18,28.24,58704,NC_012797.1
"Desulfovibrio carbinolicus strain DSM 3852 plasmid pDCAR1, complete sequence",Desulfovibrio carbinolicus,91.3,140,81%,1.00E-18,28.24,132673,NZ_CP026539.1
"Desulfovibrio aerotolerans strain DSM 16695 NODE_38_length_35813_cov_82.735218, whole genome shotgun sequence",Desulfovibrio aerotolerans,90.5,90.5,81%,2.00E-18,27.95,35813,NZ_WVUD01000038.1
"Archangium gephyra strain DSM 2261 Ga0070489_104, whole genome shotgun sequence",Archangium gephyra,90.1,90.1,80%,3.00E-18,26.51,935309,NZ_QUMU01000004.1
"Desulfovibrio frigidus DSM 17176 BR06DRAFT_scaffold00012.12_C, whole genome shotgun sequence",Desulfovibrio frigidus DSM 17176,89.7,89.7,81%,3.00E-18,27.89,78157,NZ_JONL01000012.1
"Cystobacter fuscus DSM 2262 contig14, whole genome shotgun sequence",Cystobacter fuscus DSM 2262,89.7,89.7,80%,4.00E-18,26.91,398763,NZ_ANAH02000014.1
"Archangium violaceum Cb vi76 contig00175, whole genome shotgun sequence",Archangium violaceum Cb vi76,89.4,89.4,80%,6.00E-18,25.7,27045,NZ_JPMI01000167.1
"Desulfatibacillum alkenivorans DSM 16219, whole genome shotgun sequence",Desulfatibacillum alkenivorans DSM 16219,88.6,88.6,81%,9.00E-18,26.09,84087,NZ_FQZU01000028.1
"Cystobacter ferrugineus strain Cbfe23 Contig_6, whole genome shotgun sequence",Cystobacter ferrugineus,88.2,88.2,80%,1.00E-17,26.51,287694,NZ_MPIN01000015.1
"Desulfosarcina cetonica JCM 12296, whole genome shotgun sequence",Desulfosarcina cetonica JCM 12296,86.7,148,59%,3.00E-17,37.01,4389,NZ_BBCC01000312.1
"Desulfovibrio bizertensis DSM 18034, whole genome shotgun sequence",Desulfovibrio bizertensis DSM 18034,86.7,86.7,81%,3.00E-17,26.77,55620,NZ_FUYA01000012.1
"Stigmatella aurantiaca strain DSM 17044, whole genome shotgun sequence",Stigmatella aurantiaca,86.7,86.7,78%,4.00E-17,28.22,204601,NZ_FOAP01000017.1
"Stigmatella erecta strain DSM 16858, whole genome shotgun sequence",Stigmatella erecta,86.7,86.7,78%,4.00E-17,28.22,185140,NZ_FOIJ01000018.1
"Pseudodesulfovibrio profundus strain 500-1 plasmid paDPRO, complete sequence",Pseudodesulfovibrio profundus,85.9,85.9,81%,6.00E-17,28.57,42836,NZ_LT907976.1
"Desulfovibrio ferrophilus strain IS5 plasmid pDFE, complete sequence",Desulfovibrio ferrophilus,85.5,85.5,81%,1.00E-16,26.98,43052,NZ_AP017379.1
"Desulfovibrio alcoholivorans DSM 5433 Q368DRAFT_scaffold00030.30_C, whole genome shotgun sequence",Desulfovibrio alcoholivorans DSM 5433,85.1,85.1,81%,1.00E-16,26.64,19972,NZ_JNJA01000030.1
"Desulfonatronum thiosulfatophilum strain ASO4-2, whole genome shotgun sequence",Desulfonatronum thiosulfatophilum,84.7,84.7,76%,2.00E-16,28.99,64884,NZ_FMXO01000022.1
"Desulfomonile tiedjei DSM 6799 plasmid pDESTI.01, complete sequence",Desulfomonile tiedjei DSM 6799,84.7,84.7,64%,2.00E-16,30.35,26923,NC_018026.1
"Polyangium spumosum strain DSM 14734 Scaffold3, whole genome shotgun sequence",Polyangium spumosum,84.3,84.3,75%,2.00E-16,31.38,940626,NZ_WJIE01000003.1
"Desulfosoma caldarium strain DSM 22027 Ga0244684_105, whole genome shotgun sequence",Desulfosoma caldarium,84.3,84.3,81%,2.00E-16,27.09,473899,NZ_RJVA01000013.1
"Polyangium fumosum strain DSM 14668 Scaffold24_1, whole genome shotgun sequence",Polyangium fumosum,84.3,84.3,75%,3.00E-16,31.38,159730,NZ_SSMQ01000024.1
"Desulfospira joergensenii DSM 10085 F608DRAFT_scaffold00004.4_C, whole genome shotgun sequence",Desulfospira joergensenii DSM 10085,81.6,81.6,83%,2.00E-15,25,52176,NZ_ATUG01000004.1
"Lawsonia intracellularis N343 plasmid 2, complete sequence",Lawsonia intracellularis N343,81.6,81.6,57%,2.00E-15,30.94,39878,NC_020129.1
"Desulfonatronospira thiodismutans ASO3-1 ctg18, whole genome shotgun sequence",Desulfonatronospira thiodismutans ASO3-1,81.3,81.3,80%,2.00E-15,26.69,345329,NZ_ACJN02000004.1
"Desulfobacterium autotrophicum HRM2 plasmid pHRM2a, complete sequence",Desulfobacterium autotrophicum HRM2,81.3,81.3,81%,2.00E-15,25.68,68709,NC_012109.1
"Desulfosarcina cetonica JCM 12296, whole genome shotgun sequence",Desulfosarcina cetonica JCM 12296,80.9,80.9,81%,3.00E-15,26.67,3273,NZ_BBCC01000353.1
"Desulfacinum hydrothermale DSM 13146, whole genome shotgun sequence",Desulfacinum hydrothermale DSM 13146,80.9,80.9,81%,3.00E-15,27.09,126754,NZ_FWXF01000011.1
"Desulfomicrobium macestii strain DSM 4194 Ga0244497_12, whole genome shotgun sequence",Desulfomicrobium macestii,80.5,80.5,81%,5.00E-15,26.29,113585,NZ_JADBGG010000012.1
"Desulfomicrobium norvegicum strain DSM 1741, whole genome shotgun sequence",Desulfomicrobium norvegicum,80.5,80.5,81%,5.00E-15,26.29,266754,NZ_FOTO01000005.1
"Desulfomicrobium apsheronum strain DSM 5918, whole genome shotgun sequence",Desulfomicrobium apsheronum,80.5,80.5,81%,5.00E-15,26.29,97440,NZ_FORX01000019.1
"Desulfomicrobium escambiense DSM 10707 G394DRAFT_scaffold00012.12_C, whole genome shotgun sequence",Desulfomicrobium escambiense DSM 10707,79.7,79.7,81%,9.00E-15,27.09,135682,NZ_AUAR01000013.1
"Chondromyces apiculatus DSM 436 contig11, whole genome shotgun sequence",Chondromyces apiculatus DSM 436,79.7,79.7,75%,9.00E-15,30.96,257478,NZ_ASRX01000011.1
"Desulfonatronovibrio magnus strain AHT22 LZ23DRAFT_scaffold00006.6, whole genome shotgun sequence",Desulfonatronovibrio magnus,79.7,79.7,80%,9.00E-15,25.4,145286,NZ_KN882179.1
"Bilophila wadsworthia 3_1_6 acCls-supercont2.4, whole genome shotgun sequence",Bilophila wadsworthia 3_1_6,79,79,81%,2.00E-14,24.11,164381,NZ_KE150241.1
"Desulfonema ishimotonii strain Tokyo 01 NODE_8, whole genome shotgun sequence",Desulfonema ishimotonii,78.6,78.6,74%,2.00E-14,27.04,3172,NZ_BEXT01000008.1
"Desulfovibrio magneticus RS-1 plasmid pDMC2, complete sequence",Desulfovibrio magneticus RS-1,78.6,78.6,81%,2.00E-14,26.85,8867,NC_012795.1
"Lawsonia intracellularis N343 plasmid 3, complete sequence",Lawsonia intracellularis N343,78.2,78.2,81%,2.00E-14,25.87,194613,NC_020130.1
"Bilophila wadsworthia 3_1_6 acCls-supercont2.2, whole genome shotgun sequence",Bilophila wadsworthia 3_1_6,77.4,77.4,81%,5.00E-14,26.22,766456,NZ_KE150239.1
"Cystobacter ferrugineus strain Cbfe23 Contig_122, whole genome shotgun sequence",Cystobacter ferrugineus,76.6,76.6,80%,8.00E-14,24.8,124592,NZ_MPIN01000025.1
"Desulfobacca acetoxidans DSM 11109, complete sequence",Desulfobacca acetoxidans DSM 11109,75.9,75.9,64%,1.00E-13,31.19,3282536,NC_015388.1
"Desulfosarcina cetonica JCM 12296, whole genome shotgun sequence",Desulfosarcina cetonica JCM 12296,75.9,75.9,81%,2.00E-13,24.9,52367,NZ_BBCC01000025.1
"Plesiocystis pacifica SIR-1 1103186006229, whole genome shotgun sequence",Plesiocystis pacifica SIR-1,75.5,139,59%,2.00E-13,31.45,165625,NZ_ABCS01000008.1
"Desulfovibrio carbinoliphilus subsp. oakridgensis strain FW-101-2B plasmid pFW10101, whole genome shotgun sequence",Desulfovibrio carbinoliphilus subsp. oakridgensis,75.5,145,82%,2.00E-13,25.1,97864,NZ_CM001369.1
"Desulfovibrio alcoholivorans DSM 5433 Q368DRAFT_scaffold00011.11_C, whole genome shotgun sequence",Desulfovibrio alcoholivorans DSM 5433,75.1,75.1,82%,3.00E-13,25.39,136470,NZ_JNJA01000011.1
"Desulfacinum infernum DSM 9756, whole genome shotgun sequence",Desulfacinum infernum DSM 9756,74.3,74.3,81%,4.00E-13,25.5,161993,NZ_FQVB01000007.1
"Desulfovibrio carbinoliphilus subsp. oakridgensis strain FW-101-2B plasmid pFW10102, whole genome shotgun sequence",Desulfovibrio carbinoliphilus subsp. oakridgensis,74.3,74.3,82%,5.00E-13,26.85,21111,NZ_CM001370.1
"Desulfovibrio aerotolerans strain DSM 16695 NODE_82_length_5268_cov_73.269208, whole genome shotgun sequence",Desulfovibrio aerotolerans,74.3,74.3,71%,5.00E-13,25.56,5268,NZ_WVUD01000082.1
"Desulfosarcina cetonica JCM 12296, whole genome shotgun sequence",Desulfosarcina cetonica JCM 12296,73.6,73.6,81%,8.00E-13,26.19,73845,NZ_BBCC01000006.1
"Desulfocarbo indianensis strain SCBM scaffold2.1, whole genome shotgun sequence",Desulfocarbo indianensis,73.6,73.6,67%,9.00E-13,28.71,743544,NZ_LBMP01000002.1
"Desulfovibrio alcoholivorans DSM 5433 Q368DRAFT_scaffold00006.6_C, whole genome shotgun sequence",Desulfovibrio alcoholivorans DSM 5433,73.6,73.6,80%,1.00E-12,26.42,252889,NZ_JNJA01000006.1
"Desulfobacula phenolica strain DSM 3384, whole genome shotgun sequence",Desulfobacula phenolica,73.2,73.2,81%,1.00E-12,25.4,396033,NZ_FNLL01000005.1
"Desulfovibrio fructosivorans JJ ctg00076, whole genome shotgun sequence",Desulfovibrio fructosivorans JJ,73.2,131,81%,1.00E-12,25.1,111446,NZ_AECZ01000015.1
"Desulfosarcina ovata subsp. sediminis strain 28bB2T plasmid Do28_1, complete sequence",Desulfosarcina ovata subsp. sediminis,72.4,72.4,81%,2.00E-12,23.92,135961,NZ_AP021877.1
"Desulforegula conservatrix Mb1Pa I997DRAFT_scaffold00062.62_C, whole genome shotgun sequence",Desulforegula conservatrix Mb1Pa,72.4,72.4,72%,2.00E-12,24.36,23783,NZ_AUEY01000063.1
"Desulfacinum infernum DSM 9756, whole genome shotgun sequence",Desulfacinum infernum DSM 9756,72,72,83%,3.00E-12,23.85,18430,NZ_FQVB01000056.1
"Desulforegula conservatrix Mb1Pa I997DRAFT_scaffold00135.135_C, whole genome shotgun sequence",Desulforegula conservatrix Mb1Pa,71.2,71.2,82%,4.00E-12,23.26,3380,NZ_AUEY01000141.1
"Desulfofustis glycolicus DSM 9705, whole genome shotgun sequence",Desulfofustis glycolicus DSM 9705,71.2,71.2,63%,5.00E-12,29.38,129511,NZ_FQXS01000011.1
"Desulfovibrio alcoholivorans DSM 5433 Q368DRAFT_scaffold00003.3_C, whole genome shotgun sequence",Desulfovibrio alcoholivorans DSM 5433,70.9,70.9,81%,8.00E-12,26.98,503844,NZ_JNJA01000003.1
"Desulfamplus magnetovallimortis isolate PRJEB14757, whole genome shotgun sequence",Desulfamplus magnetovallimortis,70.5,70.5,81%,1.00E-11,23.62,473429,NZ_LT828542.1
"Desulfuromusa kysingii strain DSM 7343, whole genome shotgun sequence",Desulfuromusa kysingii,69.3,69.3,80%,2.00E-11,24,350320,NZ_FNQN01000004.1
"Desulforegula conservatrix Mb1Pa I997DRAFT_scaffold00108.108_C, whole genome shotgun sequence",Desulforegula conservatrix Mb1Pa,67.8,67.8,80%,6.00E-11,24.1,7670,NZ_AUEY01000114.1
"Desulfovibrio aerotolerans strain DSM 16695 NODE_5_length_155917_cov_31.479440, whole genome shotgun sequence",Desulfovibrio aerotolerans,68.2,68.2,81%,6.00E-11,27.73,155917,NZ_WVUD01000005.1
"Desulfatibacillum alkenivorans DSM 16219, whole genome shotgun sequence",Desulfatibacillum alkenivorans DSM 16219,67.8,67.8,66%,6.00E-11,28.57,42496,NZ_FQZU01000046.1
"Desulfovibrio fructosivorans JJ ctg00049, whole genome shotgun sequence",Desulfovibrio fructosivorans JJ,67.8,67.8,80%,7.00E-11,25.2,315934,NZ_AECZ01000001.1
"Desulfonatronum thiodismutans strain MLF-1 contig14, whole genome shotgun sequence",Desulfonatronum thiodismutans,67.8,67.8,63%,8.00E-11,28.57,50052,NZ_JPIK01000014.1
"Geoalkalibacter ferrihydriticus strain DSM 17813, whole genome shotgun sequence",Geoalkalibacter ferrihydriticus,67.8,67.8,80%,8.00E-11,26.91,387838,NZ_FNGU01000004.1
"Desulfovibrio bastinii DSM 16055 G496DRAFT_scaffold00004.4_C, whole genome shotgun sequence",Desulfovibrio bastinii DSM 16055,67.4,67.4,81%,9.00E-11,22.31,242591,NZ_AUCX01000006.1
"Desulfonatronum thioautotrophicum strain ASO4-1 LZ09DRAFT_scaffold00003.3_C, whole genome shotgun sequence",Desulfonatronum thioautotrophicum,67.4,67.4,81%,1.00E-10,25.79,466323,NZ_JYNO01000004.1
"Desulfovibrio inopinatus DSM 10711 G451DRAFT_scaffold00033.33_C, whole genome shotgun sequence",Desulfovibrio inopinatus DSM 10711,67,67,64%,1.00E-10,29.56,19058,NZ_AUBP01000042.1
"Desulfotalea psychrophila LSv54, complete sequence",Desulfotalea psychrophila LSv54,67,67,75%,1.00E-10,26.72,3523383,NC_006138.1
"Desulfatibacillum alkenivorans DSM 16219, whole genome shotgun sequence",Desulfatibacillum alkenivorans DSM 16219,66.6,66.6,61%,2.00E-10,30.05,504904,NZ_FQZU01000001.1
"Desulfoluna butyratoxydans isolate Desulfoluna butyratoxydans MSL71, whole genome shotgun sequence",Desulfoluna butyratoxydans,64.3,64.3,14%,9.00E-10,66.67,936145,NZ_CAADHO010000002.1
"Malonomonas rubra DSM 5091, whole genome shotgun sequence",Malonomonas rubra DSM 5091,64.3,64.3,59%,1.00E-09,26.4,119494,NZ_FQZT01000011.1
"Desulfobacula phenolica strain DSM 3384, whole genome shotgun sequence",Desulfobacula phenolica,63.9,63.9,80%,1.00E-09,23.2,25910,NZ_FNLL01000022.1
"Desulfobotulus alkaliphilus strain ASO4-4 LZ24DRAFT_scaffold00012.12, whole genome shotgun sequence",Desulfobotulus alkaliphilus,63.2,63.2,78%,2.00E-09,22.73,118238,NZ_VLLC01000012.1
"Desulfopila aestuarii DSM 18488, whole genome shotgun sequence",Desulfopila aestuarii DSM 18488,61.6,61.6,60%,7.00E-09,27.03,107891,NZ_FRFE01000019.1
"Desulfovibrio vulgaris RCH1 plasmid pDEVAL01, complete sequence",Desulfovibrio vulgaris RCH1,61.6,61.6,74%,8.00E-09,24.26,202305,NC_017311.1
"Desulfobacter curvatus DSM 3379 B147DRAFT_scaffold_21.22, whole genome shotgun sequence",Desulfobacter curvatus DSM 3379,60.8,60.8,81%,1.00E-08,23.32,64951,NZ_KB893024.1
"Desulfacinum hydrothermale DSM 13146, whole genome shotgun sequence",Desulfacinum hydrothermale DSM 13146,60.5,60.5,73%,1.00E-08,24.08,1932,NZ_FWXF01000053.1
"Desulfobotulus mexicanus strain PAR22N Contig_59, whole genome shotgun sequence",Desulfobotulus mexicanus,60.5,60.5,78%,2.00E-08,22.31,151685,NZ_VDMB01000006.1
"Corallococcus terminator strain CA054A NODE_690_1331_cov_2.13953, whole genome shotgun sequence",Corallococcus terminator,59.7,59.7,42%,2.00E-08,26.52,1331,NZ_RAVZ01000690.1
"Corallococcus terminator strain CA054A NODE_778_559_cov_1.11111, whole genome shotgun sequence",Corallococcus terminator,57,57,14%,3.00E-08,64.44,559,NZ_RAVZ01000778.1
"Desulfoluna butyratoxydans isolate Desulfoluna butyratoxydans MSL71, whole genome shotgun sequence",Desulfoluna butyratoxydans,59.7,59.7,14%,3.00E-08,62.22,184872,NZ_CAADHO010000012.1
"Desulfoprunum benzoelyticum strain DSM 28570 Ga0415323_11, whole genome shotgun sequence",Desulfoprunum benzoelyticum,58.9,58.9,42%,5.00E-08,26.72,119682,NZ_JACHEO010000011.1
"Desulfonatronum thioautotrophicum strain ASO4-1 LZ09DRAFT_scaffold00005.5, whole genome shotgun sequence",Desulfonatronum thioautotrophicum,58.9,58.9,15%,6.00E-08,57.14,351765,NZ_KN882170.1
"Desulfovibrio indonesiensis strain P37SLT P37SLT_3, whole genome shotgun sequence",Desulfovibrio indonesiensis,58.9,58.9,80%,6.00E-08,23.58,369981,NZ_QMIE01000003.1
"Desulfamplus magnetovallimortis isolate PRJEB14757, whole genome shotgun sequence",Desulfamplus magnetovallimortis,58.5,58.5,66%,9.00E-08,25.62,183730,NZ_LT828551.1
"Desulfotignum phosphitoxidans DSM 13687 Dpo_2c, whole genome shotgun sequence",Desulfotignum phosphitoxidans DSM 13687,57.4,57.4,50%,2.00E-07,25.97,636017,NZ_APJX01000002.1
"Desulfuromusa kysingii strain DSM 7343, whole genome shotgun sequence",Desulfuromusa kysingii,57,57,58%,2.00E-07,28.26,266736,NZ_FNQN01000007.1
"Hyalangium minutum strain DSM 14724 contig_25, whole genome shotgun sequence",Hyalangium minutum,57,57,64%,2.00E-07,30,104549,NZ_JMCB01000025.1
"Desulfobacter latus strain AcRS2 NODE_42_length_64569_cov_38.281711, whole genome shotgun sequence",Desulfobacter latus,56.6,56.6,81%,3.00E-07,22.71,64569,NZ_JACADJ010000017.1
"Desulfobulbus mediterraneus DSM 13871 G494DRAFT_scaffold00004.4, whole genome shotgun sequence",Desulfobulbus mediterraneus DSM 13871,55.5,55.5,14%,7.00E-07,61.36,335019,NZ_KE387005.1
"Desulfatitalea tepidiphila strain S28bF, whole genome shotgun sequence",Desulfatitalea tepidiphila,55.5,55.5,17%,9.00E-07,50.91,868698,NZ_BCAG01000006.1
"Desulfamplus magnetovallimortis isolate PRJEB14757, whole genome shotgun sequence",Desulfamplus magnetovallimortis,54.3,54.3,35%,2.00E-06,27.52,14173,NZ_LT828574.1
"Desulfobulbus japonicus DSM 18378 G493DRAFT_scaffold00003.3_C, whole genome shotgun sequence",Desulfobulbus japonicus DSM 18378,53.9,53.9,14%,2.00E-06,61.36,256173,NZ_AUCV01000003.1
"Geoalkalibacter ferrihydriticus strain DSM 17813, whole genome shotgun sequence",Geoalkalibacter ferrihydriticus,53.1,53.1,15%,4.00E-06,54.17,967273,NZ_FNGU01000001.1
"Desulfovibrio gilichinskyi strain K3S, whole genome shotgun sequence",Desulfovibrio gilichinskyi,53.1,53.1,15%,5.00E-06,53.19,475087,NZ_FWZU01000005.1
"Chondromyces apiculatus DSM 436 contig39, whole genome shotgun sequence",Chondromyces apiculatus DSM 436,52.4,52.4,14%,8.00E-06,53.49,120949,NZ_ASRX01000039.1
"Desulfovibrio aerotolerans strain DSM 16695 NODE_66_length_13383_cov_36.454059, whole genome shotgun sequence",Desulfovibrio aerotolerans,52,52,16%,1.00E-05,52,13383,NZ_WVUD01000066.1
"Desulfatirhabdium butyrativorans DSM 18734 G492DRAFT_scaffold00044.44_C, whole genome shotgun sequence",Desulfatirhabdium butyrativorans DSM 18734,51.6,51.6,14%,1.00E-05,53.33,17870,NZ_AUCU01000052.1
"Geobacter lovleyi SZ plasmid pGLOV01, complete sequence",Geobacter lovleyi SZ,51.6,51.6,14%,1.00E-05,51.16,77113,NC_010815.1
"Desulfobulbus elongatus DSM 2908 Q362DRAFT_scaffold00003.3_C, whole genome shotgun sequence",Desulfobulbus elongatus DSM 2908,51.2,51.2,15%,2.00E-05,54.17,194820,NZ_JHZB01000003.1
"Corallococcus sicarius strain CA040B NODE_438_6217_cov_39.0956, whole genome shotgun sequence",Corallococcus sicarius,50.8,50.8,64%,2.00E-05,25.25,6217,NZ_RAWG01000438.1
"Corallococcus llansteffanensis strain CA051B NODE_54_26739_cov_10.0958, whole genome shotgun sequence",Corallococcus llansteffanensis,50.8,50.8,62%,2.00E-05,25.39,26739,NZ_RAWB01000054.1
"Enhygromyxa salina strain SWB007 ENSA7_contig000071, whole genome shotgun sequence",Enhygromyxa salina,50.4,50.4,13%,3.00E-05,54.76,35079,NZ_PVNL01000071.1
"Desulfobacter latus strain AcRS2 NODE_141_length_15013_cov_35.168615, whole genome shotgun sequence",Desulfobacter latus,50.1,50.1,13%,4.00E-05,53.66,15013,NZ_JACADJ010000084.1
"Desulfovibrio brasiliensis JCM 12178, whole genome shotgun sequence",Desulfovibrio brasiliensis JCM 12178,49.7,49.7,16%,5.00E-05,54.9,12798,NZ_BBCB01000084.1
"Desulfobacter latus strain AcRS2 NODE_37_length_66647_cov_35.352150, whole genome shotgun sequence",Desulfobacter latus,49.3,49.3,18%,6.00E-05,54.39,66647,NZ_JACADJ010000015.1
"Corallococcus llansteffanensis strain CA051B NODE_142_18757_cov_19.4206, whole genome shotgun sequence",Corallococcus llansteffanensis,49.3,49.3,14%,7.00E-05,61.36,18757,NZ_RAWB01000142.1
"Corallococcus praedator strain CA031B NODE_5_75702_cov_42.3593, whole genome shotgun sequence",Corallococcus praedator,49.3,49.3,50%,7.00E-05,26.86,75702,NZ_RAWI01000005.1
"Desulfobotulus alkaliphilus strain ASO4-4 LZ24DRAFT_scaffold00026.26, whole genome shotgun sequence",Desulfobotulus alkaliphilus,48.9,48.9,12%,1.00E-04,55.26,49206,NZ_VLLC01000026.1
,,,,,,,,
,,,,,,,,
,,,,,,,,
"		",,,,,,,,
